{
  "best_model": "RandomForestClassifier",
  "models": {
    "LogisticRegression": {
      "accuracy": 0.5564633260711692,
      "precision": 0.5591416703332843,
      "recall": 0.5564633260711692,
      "f1": 0.5531277734282315,
      "classification_report": {
        "Draw": {
          "precision": 0.28188539741219965,
          "recall": 0.24187153053132435,
          "f1-score": 0.26034997865983783,
          "support": 1261.0
        },
        "TeamA_Win": {
          "precision": 0.7126288659793815,
          "recall": 0.6288855193328279,
          "f1-score": 0.6681433749496577,
          "support": 2638.0
        },
        "TeamB_Win": {
          "precision": 0.5247855100095329,
          "recall": 0.6842759477936606,
          "f1-score": 0.5940113299163744,
          "support": 1609.0
        },
        "accuracy": 0.5564633260711692,
        "macro avg": {
          "precision": 0.5064332578003713,
          "recall": 0.5183443325526044,
          "f1-score": 0.5075015611752899,
          "support": 5508.0
        },
        "weighted avg": {
          "precision": 0.5591416703332843,
          "recall": 0.5564633260711692,
          "f1-score": 0.5531277734282315,
          "support": 5508.0
        }
      },
      "confusion_matrix": [
        [
          1659,
          502,
          477
        ],
        [
          436,
          305,
          520
        ],
        [
          233,
          275,
          1101
        ]
      ]
    },
    "GradientBoostingClassifier": {
      "accuracy": 0.5938634713144517,
      "precision": 0.521447141070772,
      "recall": 0.5938634713144517,
      "f1": 0.524022839443444,
      "classification_report": {
        "Draw": {
          "precision": 0.26666666666666666,
          "recall": 0.022204599524187154,
          "f1-score": 0.040995607613469986,
          "support": 1261.0
        },
        "TeamA_Win": {
          "precision": 0.616260162601626,
          "recall": 0.8620166793025019,
          "f1-score": 0.7187104930467763,
          "support": 2638.0
        },
        "TeamB_Win": {
          "precision": 0.5656742556917689,
          "recall": 0.6022374145431946,
          "f1-score": 0.5833835039133053,
          "support": 1609.0
        },
        "accuracy": 0.5938634713144517,
        "macro avg": {
          "precision": 0.4828670283200205,
          "recall": 0.49548623112329454,
          "f1-score": 0.44769653485785055,
          "support": 5508.0
        },
        "weighted avg": {
          "precision": 0.521447141070772,
          "recall": 0.5938634713144517,
          "f1-score": 0.524022839443444,
          "support": 5508.0
        }
      },
      "confusion_matrix": [
        [
          2274,
          48,
          316
        ],
        [
          805,
          28,
          428
        ],
        [
          611,
          29,
          969
        ]
      ]
    },
    "RandomForestClassifier": {
      "accuracy": 0.5856935366739289,
      "precision": 0.5515257714484902,
      "recall": 0.5856935366739289,
      "f1": 0.5623838287707499,
      "classification_report": {
        "Draw": {
          "precision": 0.290414878397711,
          "recall": 0.16098334655035687,
          "f1-score": 0.20714285714285716,
          "support": 1261.0
        },
        "TeamA_Win": {
          "precision": 0.669025952140209,
          "recall": 0.7524639878695982,
          "f1-score": 0.7082961641391614,
          "support": 2638.0
        },
        "TeamB_Win": {
          "precision": 0.5635179153094463,
          "recall": 0.6451211932877564,
          "f1-score": 0.6015647638365691,
          "support": 1609.0
        },
        "accuracy": 0.5856935366739289,
        "macro avg": {
          "precision": 0.5076529152824555,
          "recall": 0.5195228425692372,
          "f1-score": 0.5056679283728626,
          "support": 5508.0
        },
        "weighted avg": {
          "precision": 0.5515257714484902,
          "recall": 0.5856935366739289,
          "f1-score": 0.5623838287707499,
          "support": 5508.0
        }
      },
      "confusion_matrix": [
        [
          1985,
          296,
          357
        ],
        [
          611,
          203,
          447
        ],
        [
          371,
          200,
          1038
        ]
      ]
    }
  }
}